<?xml version="1.0" encoding="UTF-8"?>
<java-wsdl-mapping xmlns="http://java.sun.com/xml/ns/j2ee" xmlns:xsi="http://www.w3.org/2001/XMLSchema-instance" version="1.1" xsi:schemaLocation="http://java.sun.com/xml/ns/j2ee    http://www.ibm.com/webservices/xsd/j2ee_jaxrpc_mapping_1_1.xsd">
<package-mapping>
<package-type>service</package-type>
<namespaceURI>urn:Foo</namespaceURI>
</package-mapping>
<package-mapping>
<package-type>service</package-type>
<namespaceURI>urn:Foo</namespaceURI>
</package-mapping>
<service-interface-mapping>
<service-interface>service.MyResumeService</service-interface>
<wsdl-service-name xmlns:serviceNS="urn:Foo">serviceNS:MyResumeService</wsdl-service-name>
<port-mapping>
<port-name>ResumeServiceSessionPort</port-name>
<java-port-name>ResumeServiceSessionPort</java-port-name>
</port-mapping>
</service-interface-mapping>
<service-endpoint-interface-mapping>
<service-endpoint-interface>com.mytelco.server.ResumeServiceSession</service-endpoint-interface>
<wsdl-port-type xmlns:portTypeNS="urn:Foo">portTypeNS:ResumeServiceSession</wsdl-port-type>
<wsdl-binding xmlns:bindingNS="urn:Foo">bindingNS:ResumeServiceSessionBinding</wsdl-binding>
<service-endpoint-method-mapping>
<java-method-name>checkPhoto</java-method-name>
<wsdl-operation>checkPhoto</wsdl-operation>
<method-param-parts-mapping>
<param-position>0</param-position>
<param-type>java.lang.String</param-type>
<wsdl-message-mapping>
<wsdl-message xmlns:wsdlMsgNS="urn:Foo">wsdlMsgNS:ResumeServiceSession_checkPhoto</wsdl-message>
<wsdl-message-part-name>String_1</wsdl-message-part-name>
<parameter-mode>IN</parameter-mode>
</wsdl-message-mapping>
</method-param-parts-mapping>
<wsdl-return-value-mapping>
<method-return-value>boolean</method-return-value>
<wsdl-message xmlns:wsdlMsgNS="urn:Foo">wsdlMsgNS:ResumeServiceSession_checkPhotoResponse</wsdl-message>
<wsdl-message-part-name>result</wsdl-message-part-name>
</wsdl-return-value-mapping>
</service-endpoint-method-mapping>
<service-endpoint-method-mapping>
<java-method-name>checkResume</java-method-name>
<wsdl-operation>checkResume</wsdl-operation>
<method-param-parts-mapping>
<param-position>0</param-position>
<param-type>java.lang.String</param-type>
<wsdl-message-mapping>
<wsdl-message xmlns:wsdlMsgNS="urn:Foo">wsdlMsgNS:ResumeServiceSession_checkResume</wsdl-message>
<wsdl-message-part-name>String_1</wsdl-message-part-name>
<parameter-mode>IN</parameter-mode>
</wsdl-message-mapping>
</method-param-parts-mapping>
<wsdl-return-value-mapping>
<method-return-value>boolean</method-return-value>
<wsdl-message xmlns:wsdlMsgNS="urn:Foo">wsdlMsgNS:ResumeServiceSession_checkResumeResponse</wsdl-message>
<wsdl-message-part-name>result</wsdl-message-part-name>
</wsdl-return-value-mapping>
</service-endpoint-method-mapping>
</service-endpoint-interface-mapping>
</java-wsdl-mapping>
